{
  "gates.gate_05_proof_before_fixed": {
    "Edit": -0.08197671943590686,
    "NotebookEdit": -0.027100000000000006,
    "Write": -0.019000000000000003
  },
  "gates.gate_06_save_fix": {
    "Edit": -0.09892247363356942,
    "Bash": -0.09940880978269163,
    "NotebookEdit": -0.027100000000000006,
    "Write": -0.019000000000000003,
    "Task": -0.019000000000000003
  },
  "gates.gate_09_strategy_ban": {
    "Edit": -0.07734188290710711,
    "NotebookEdit": 0.07560999999999998,
    "Write": -0.019000000000000003
  },
  "gates.gate_11_rate_limit": {
    "Edit": -0.09892247363356942,
    "Bash": -0.09997302783944095,
    "NotebookEdit": -0.027100000000000006,
    "Write": -0.019000000000000003,
    "Task": -0.019000000000000003,
    "TaskOutput": -0.019000000000000003,
    "Skill": -0.019000000000000003
  },
  "gates.gate_13_workspace_isolation": {
    "Edit": -0.09892247363356942,
    "NotebookEdit": -0.027100000000000006,
    "Write": -0.019000000000000003
  },
  "gates.gate_14_confidence_check": {
    "Edit": -0.09892247363356942,
    "NotebookEdit": -0.027100000000000006,
    "Write": -0.019000000000000003
  },
  "gates.gate_15_causal_chain": {
    "Edit": -0.09892247363356942,
    "NotebookEdit": -0.027100000000000006,
    "Write": -0.019000000000000003
  },
  "gates.gate_16_code_quality": {
    "Edit": -0.09892247363356942,
    "NotebookEdit": -0.027100000000000006,
    "Write": -0.019000000000000003
  },
  "gates.gate_18_canary": {
    "Edit": -0.09892247363356942,
    "Bash": -0.09997302783944095,
    "NotebookEdit": -0.027100000000000006,
    "Write": -0.019000000000000003,
    "Task": -0.019000000000000003,
    "TaskOutput": -0.019000000000000003,
    "Skill": -0.019000000000000003
  },
  "gates.gate_01_read_before_edit": {
    "Edit": 0.18161144638661342,
    "NotebookEdit": 0.32240789000000003,
    "Write": -0.019000000000000003
  },
  "gates.gate_04_memory_first": {
    "Edit": 0.0961947898710431,
    "NotebookEdit": -0.027100000000000006,
    "Write": -0.019000000000000003,
    "Task": 0.08289999999999999
  },
  "gates.gate_07_critical_file_guard": {
    "Edit": -0.05123781598508899,
    "NotebookEdit": -0.027100000000000006,
    "Write": -0.019000000000000003
  },
  "gates.gate_02_no_destroy": {
    "Bash": 0.007770157418509092
  },
  "gates.gate_03_test_before_deploy": {
    "Bash": -0.07039275233079909
  },
  "gates.gate_10_model_enforcement": {
    "Task": -0.019000000000000003
  }
}