{
  "__test_reg_tool__": {
    "hash": "c9bc51fad9bd71895c2a6c32d28d7d751f8478f3794f9fedddc4e25427fdea26",
    "first_seen": 1774239246.462646,
    "last_seen": 1776906322.6624439,
    "change_count": 0
  },
  "brand_new_tool": {
    "hash": "8f24bf32c02a9e29a09f82feb758056e6ddb75acbe44f5e5ce63374cc4ea69b6",
    "first_seen": 1774366998.1175325,
    "last_seen": 1776902511.6659732,
    "change_count": 331,
    "previous_hash": "98503b08ac62692d2f7036d0b2fcae0c2cc1f64edc889bdb1977db6000f3a456"
  },
  "stable_tool": {
    "hash": "15ac82726cdd1080baf02d14a6f20733718ca4348af1a7b1d8778ee402f761ed",
    "first_seen": 1774366998.12182,
    "last_seen": 1776906282.6626973,
    "change_count": 0
  },
  "test_tool_91e9abac": {
    "hash": "115bcab2024cdf1f2f2258d297cdc9d4f6d2e4e6eb1e64beafb9c7bb1df925d4",
    "first_seen": 1776901822.4826355,
    "last_seen": 1776901822.4833517,
    "change_count": 0
  },
  "test_tool_a7118d41": {
    "hash": "4166f6d46579993bc22dfeb771f786a36527a80870faf706381d731e20730b87",
    "first_seen": 1776901844.1386313,
    "last_seen": 1776901844.1395423,
    "change_count": 0
  },
  "test_tool_b7225285": {
    "hash": "083a0d57e3d97f8033b2a74b8fbef496a21a62031daad61198c1112ef4b91aa7",
    "first_seen": 1776901859.5547159,
    "last_seen": 1776901859.5555866,
    "change_count": 0
  },
  "test_tool_2ca1233c": {
    "hash": "79e502e2ca91e52b6cb6ec63686cde41e8053bc889d52c86910e60a8c0d3d0fb",
    "first_seen": 1776901875.829491,
    "last_seen": 1776901875.8302097,
    "change_count": 0
  },
  "test_tool_8b7c9094": {
    "hash": "36a24823d35a8d03092863589b25f76a9dee626683f571698d66a85b3e86573d",
    "first_seen": 1776901891.1598818,
    "last_seen": 1776901891.160633,
    "change_count": 0
  },
  "test_tool_9480c3c7": {
    "hash": "8c989879c68d38c99b9dc592a3dc306208393284cb941685c9478d4ec4051f41",
    "first_seen": 1776901914.071811,
    "last_seen": 1776901914.0728374,
    "change_count": 0
  },
  "test_tool_8ac0162f": {
    "hash": "bb5bd6c3b9efcfcfa08d381c355de285a02806719bc04192c006cfe1d1b9ff3c",
    "first_seen": 1776901939.2890756,
    "last_seen": 1776901939.2939036,
    "change_count": 0
  },
  "test_tool_1e8a075f": {
    "hash": "fdb7fcb25262ea1a6a4fd003ea136ecf0fb787eabc806a54d8c01582d391c586",
    "first_seen": 1776902100.666552,
    "last_seen": 1776902100.667767,
    "change_count": 0
  },
  "test_tool_52a84741": {
    "hash": "72bb1d2ba1ffa3cbb9cd89a0f0dbcf61ce579035f251c10da24ec85d91de882b",
    "first_seen": 1776902124.0200422,
    "last_seen": 1776902124.0331233,
    "change_count": 0
  },
  "test_tool_3a5087c3": {
    "hash": "d8e87710182cc163ec3b188f2625a9a474bf446b01d4183b3266f7f721b7d1d6",
    "first_seen": 1776902148.3215845,
    "last_seen": 1776902148.3244781,
    "change_count": 0
  },
  "test_tool_0eaaceee": {
    "hash": "54feec87b88e83596234e24c5621b33525774b12bf3539cfe4b535a1e4bd2f47",
    "first_seen": 1776902178.5103354,
    "last_seen": 1776902178.5110612,
    "change_count": 0
  },
  "test_tool_c4f1d577": {
    "hash": "ff78e10aceab39770a4eec38cff9a6f62e3ba8dceb8f834ad3fe61c52b753e2c",
    "first_seen": 1776902301.1302319,
    "last_seen": 1776902301.1311917,
    "change_count": 0
  },
  "test_tool_b4889b2e": {
    "hash": "8bf3c09b5bc8ea393e61d240840621c109fdc1c56ad7154cd3ed556fc646b49c",
    "first_seen": 1776902331.7909234,
    "last_seen": 1776902331.7921147,
    "change_count": 0
  },
  "test_tool_687fbb55": {
    "hash": "8af7f17e6541d19bc578a423b43e39ca5b56276b8bf4b5e91fbec9be5876186d",
    "first_seen": 1776902447.8318877,
    "last_seen": 1776902447.8327324,
    "change_count": 0
  },
  "test_tool_b0b0790b": {
    "hash": "91df7084c3741ec403f4088091c17b4696eb415b21ab53eec2ee1a2cf1a6a1c8",
    "first_seen": 1776902473.91705,
    "last_seen": 1776902473.917976,
    "change_count": 0
  },
  "test_tool_223944e5": {
    "hash": "77ca7cb2303f8ec33ead6c6290228c7191adee41f8ffa38586e4667228087fd1",
    "first_seen": 1776902511.6110725,
    "last_seen": 1776902511.6127512,
    "change_count": 0
  },
  "test_tool_df06c947": {
    "hash": "9a6fb9e982c4840f1448a5a87c368fc498e845515d01b084a2ac62ae94e8d6e1",
    "first_seen": 1776902788.2021298,
    "last_seen": 1776902788.2094002,
    "change_count": 1,
    "previous_hash": "0a0f925fea7a17c9f169bfb3dd23fe8e6f6d86169a70c1f450bbab3a0388abdc"
  },
  "test_tool_9f30a520": {
    "hash": "d8823560757c2322ee194a7a09398d13172fecd7183de220f2da404fa1889249",
    "first_seen": 1776903185.2563083,
    "last_seen": 1776903185.2582092,
    "change_count": 1,
    "previous_hash": "4384f9ba7477022481a760b1788945acdd5acff9367bf4a6170a5b44409b773a"
  },
  "test_tool_7210e25e": {
    "hash": "c0b7ad058a78cb273818c7d53478023ce98a2d45232eaa3b9b550eb1d0047762",
    "first_seen": 1776904343.615895,
    "last_seen": 1776904343.6587179,
    "change_count": 1,
    "previous_hash": "b2d714de18f54ddcdd047f3b5b071ad33028b4a5c854df2d0b47a25aee24122f"
  },
  "test_tool_d4be05e8": {
    "hash": "90280d3f79910710b3113f0d2271138905d872f3908b6636ef3a13c005e1b97d",
    "first_seen": 1776904569.1604915,
    "last_seen": 1776904569.1646593,
    "change_count": 1,
    "previous_hash": "24aed6b7b47cb5c72c59cb4bfc725efc319c6804bb4f0b99cc8e01e702440238"
  },
  "test_tool_31553ffb": {
    "hash": "b803d135bf9758de6de6aa78fb94e6cad383d3e140e9fb2d3455bd9576ee532b",
    "first_seen": 1776906085.4686406,
    "last_seen": 1776906085.4720562,
    "change_count": 1,
    "previous_hash": "69313d405595024bef1e02cd26355d3bbf022788bce333362d4615ceb52bab87"
  },
  "test_tool_66653a16": {
    "hash": "3061f91bff9bc456d9ab2fe16df2fe4bf20ca31467835d56551f674f653516f4",
    "first_seen": 1776906282.600567,
    "last_seen": 1776906282.6616063,
    "change_count": 1,
    "previous_hash": "9ccd8d17a847a2b62906435d8d8cf1f4cdce3f01377ce77f13968211d9b09f2b"
  }
}