{
  "__test_reg_tool__": {
    "hash": "c9bc51fad9bd71895c2a6c32d28d7d751f8478f3794f9fedddc4e25427fdea26",
    "first_seen": 1772162201.958426,
    "last_seen": 1772303496.1319132,
    "change_count": 0
  }
}